epoch,time,train/box_loss,train/seg_loss,train/cls_loss,train/dfl_loss,metrics/precision(B),metrics/recall(B),metrics/mAP50(B),metrics/mAP50-95(B),metrics/precision(M),metrics/recall(M),metrics/mAP50(M),metrics/mAP50-95(M),val/box_loss,val/seg_loss,val/cls_loss,val/dfl_loss,lr/pg0,lr/pg1,lr/pg2
1,40.085,1.38459,1.66777,1.66948,1.35018,0.54252,0.36948,0.42613,0.24089,0,0,0,0,1.76433,11.7559,2.2151,1.38361,0.0672821,0.000330484,0.000330484
2,79.4232,1.31854,1.35673,1.33864,1.28959,0.70216,0.62249,0.60874,0.27528,0.31102,0.29317,0.13167,0.02675,1.70948,1.54462,1.66923,1.25635,0.034282,0.000663811,0.000663811
3,117.735,1.2792,1.29114,1.29263,1.27535,0.71391,0.63855,0.66277,0.36225,0.62574,0.55732,0.49383,0.14463,1.52749,1.3283,1.63745,1.23149,0.00128201,0.000997112,0.000997112
4,155.428,1.25575,1.28615,1.23046,1.25224,0.82642,0.65012,0.69657,0.43055,0.58076,0.45783,0.31582,0.08015,1.38059,2.29694,1.25859,1.12315,0.000999912,0.000999912,0.000999912
5,193.281,1.20827,1.26811,1.18238,1.23625,0.74559,0.67068,0.66433,0.39376,0.70592,0.55913,0.54029,0.16952,1.45208,1.45342,1.32459,1.15542,0.000999844,0.000999844,0.000999844
6,231.218,1.16648,1.26364,1.14043,1.22009,0.71199,0.60241,0.63739,0.38899,0.63212,0.53414,0.49814,0.13414,1.36638,1.34996,1.38352,1.05195,0.000999756,0.000999756,0.000999756
7,269.468,1.12229,1.24261,1.09743,1.19941,0.76835,0.65462,0.69904,0.45399,0.64893,0.55422,0.46596,0.15129,1.25213,1.33074,1.10684,1.06697,0.000999648,0.000999648,0.000999648
8,307.438,1.11439,1.23408,1.07611,1.19819,0.76909,0.66881,0.68762,0.44489,0.70373,0.61053,0.5799,0.18631,1.37043,1.26173,1.30186,1.08468,0.000999521,0.000999521,0.000999521
9,345.374,1.0691,1.20366,1.03361,1.18696,0.76639,0.67871,0.69458,0.45094,0.737,0.64257,0.59146,0.20907,1.31236,1.1501,1.13082,1.04155,0.000999375,0.000999375,0.000999375
10,383.23,1.06812,1.19982,1.0295,1.1813,0.80927,0.64751,0.71703,0.47428,0.70701,0.54618,0.51652,0.15983,1.27749,1.29877,1.08612,1.00861,0.000999209,0.000999209,0.000999209
11,421.108,1.02805,1.17387,1.00869,1.16086,0.83531,0.67221,0.7356,0.4689,0.79928,0.63855,0.67209,0.21704,1.3093,1.17961,1.10906,1.03325,0.000999023,0.000999023,0.000999023
12,459.423,1.01894,1.1902,0.9902,1.1611,0.72825,0.72691,0.71432,0.47896,0.6973,0.64257,0.60124,0.1957,1.24264,1.19652,1.0878,1.02035,0.000998818,0.000998818,0.000998818
13,497.524,1.02554,1.17815,0.97464,1.15515,0.76921,0.70683,0.71576,0.49462,0.70054,0.63887,0.62568,0.20682,1.20844,1.22392,1.10689,0.99922,0.000998594,0.000998594,0.000998594
14,534.971,0.99609,1.15723,0.97159,1.14922,0.81137,0.69099,0.74143,0.5036,0.77523,0.64257,0.64985,0.21292,1.19351,1.1932,1.0348,1.024,0.00099835,0.00099835,0.00099835
15,572.633,1.00236,1.16423,0.96878,1.15118,0.80141,0.66667,0.70532,0.4427,0.7319,0.62492,0.62717,0.20048,1.24942,1.20977,1.14188,1.02645,0.000998086,0.000998086,0.000998086
16,609.992,0.97935,1.16705,0.9281,1.14245,0.75244,0.65917,0.70461,0.4793,0.693,0.60241,0.60784,0.20405,1.21059,1.21169,1.13885,0.98386,0.000997803,0.000997803,0.000997803
17,647.247,0.95273,1.15531,0.8957,1.12052,0.77112,0.71888,0.74061,0.49698,0.65522,0.61044,0.55406,0.19271,1.15589,1.2757,1.03774,0.98686,0.000997501,0.000997501,0.000997501
18,684.882,0.9614,1.15699,0.90671,1.13269,0.89398,0.6773,0.75823,0.52548,0.78946,0.61446,0.63313,0.21471,1.10397,1.21302,1.0123,0.95444,0.000997179,0.000997179,0.000997179
19,721.52,0.94306,1.14671,0.88823,1.12579,0.78037,0.71084,0.73086,0.51745,0.68459,0.62651,0.56062,0.19196,1.12699,1.19752,1.02001,0.97095,0.000996838,0.000996838,0.000996838
20,758.373,0.93547,1.13594,0.88652,1.12812,0.85189,0.68675,0.75237,0.53207,0.78415,0.66265,0.6653,0.20366,1.12626,1.23292,1.05197,0.95908,0.000996477,0.000996477,0.000996477
21,795.373,0.92571,1.13418,0.86953,1.11819,0.80008,0.69113,0.75724,0.54202,0.77415,0.63052,0.66151,0.22516,1.07997,1.17412,0.99629,0.92559,0.000996097,0.000996097,0.000996097
22,832.47,0.91455,1.13978,0.87594,1.11257,0.85459,0.72691,0.77039,0.52672,0.79793,0.67871,0.66168,0.22821,1.21058,1.24099,1.03095,0.97897,0.000995697,0.000995697,0.000995697
23,868.996,0.9305,1.12557,0.87594,1.12592,0.80518,0.73896,0.7685,0.53226,0.72573,0.66667,0.65689,0.22294,1.09986,1.15119,1.00402,0.94222,0.000995278,0.000995278,0.000995278
24,905.483,0.90474,1.12543,0.8644,1.11222,0.82985,0.74297,0.76918,0.51925,0.83116,0.6747,0.68637,0.21166,1.1912,1.18131,1.00999,0.94666,0.00099484,0.00099484,0.00099484
25,942.236,0.90374,1.11181,0.8513,1.10969,0.84742,0.72289,0.76672,0.56663,0.83644,0.63669,0.67001,0.23682,0.99927,1.14613,0.96007,0.88582,0.000994383,0.000994383,0.000994383
26,979.684,0.91302,1.11615,0.84762,1.10245,0.83525,0.67189,0.74064,0.53001,0.7821,0.63425,0.64128,0.19851,1.09035,1.17014,0.99286,0.93415,0.000993906,0.000993906,0.000993906
27,1016.56,0.88498,1.11566,0.83011,1.09769,0.81982,0.65786,0.73067,0.52464,0.74963,0.60123,0.61047,0.19548,1.086,1.19172,0.98446,0.95139,0.00099341,0.00099341,0.00099341
28,1053.44,0.88669,1.11399,0.83051,1.09711,0.82362,0.71261,0.74849,0.5356,0.77197,0.66621,0.6639,0.2246,1.05023,1.15615,1.01156,0.92796,0.000992894,0.000992894,0.000992894
29,1089.52,0.89584,1.11232,0.83981,1.10138,0.85716,0.71888,0.76976,0.54251,0.78775,0.6506,0.65739,0.21962,1.08374,1.18446,0.95727,0.92166,0.000992359,0.000992359,0.000992359
30,1126.21,0.87601,1.11402,0.82418,1.09294,0.83059,0.69076,0.76942,0.56813,0.78791,0.62661,0.67123,0.23452,0.98667,1.1833,0.88009,0.87753,0.000991805,0.000991805,0.000991805
31,1163.45,0.86129,1.09989,0.80944,1.09272,0.83712,0.72691,0.77957,0.54476,0.77462,0.66254,0.6653,0.22144,1.03448,1.17238,0.89196,0.90433,0.000991232,0.000991232,0.000991232
32,1200.53,0.84522,1.08617,0.79804,1.08022,0.8373,0.70269,0.78104,0.58087,0.77787,0.63052,0.65877,0.23047,0.98669,1.19814,0.89405,0.913,0.00099064,0.00099064,0.00099064
33,1237.29,0.85994,1.10439,0.81197,1.08428,0.83852,0.70907,0.75482,0.54839,0.78015,0.65556,0.65432,0.226,1.01602,1.18263,0.90318,0.90312,0.000990028,0.000990028,0.000990028
34,1274.05,0.86235,1.09486,0.81226,1.08877,0.79432,0.71344,0.75249,0.53565,0.72247,0.6506,0.61965,0.19955,1.00642,1.17494,0.95298,0.90508,0.000989398,0.000989398,0.000989398
35,1310.35,0.84166,1.07474,0.7858,1.08083,0.84647,0.76305,0.78294,0.57557,0.80991,0.71486,0.6964,0.24472,1.01761,1.11697,0.88355,0.89386,0.000988748,0.000988748,0.000988748
36,1347.55,0.86113,1.0949,0.79626,1.08674,0.84495,0.71888,0.76482,0.56343,0.79441,0.65462,0.65255,0.22336,0.99123,1.17366,0.92085,0.88812,0.000988079,0.000988079,0.000988079
37,1384.72,0.85973,1.09197,0.79811,1.08877,0.83617,0.75843,0.77537,0.55937,0.8269,0.69067,0.71408,0.24744,1.00395,1.12513,0.91499,0.89792,0.000987391,0.000987391,0.000987391
38,1421.78,0.85525,1.09697,0.78695,1.07922,0.87202,0.72289,0.78575,0.57533,0.80602,0.66748,0.68403,0.23659,0.98729,1.18425,0.88961,0.87396,0.000986684,0.000986684,0.000986684
39,1458.35,0.83924,1.08491,0.77838,1.07952,0.82487,0.69989,0.76364,0.55929,0.78998,0.66667,0.69702,0.23454,0.99561,1.13749,0.90208,0.90428,0.000985958,0.000985958,0.000985958
40,1495.01,0.83714,1.08613,0.77617,1.07952,0.85566,0.76707,0.79788,0.58441,0.80971,0.64659,0.6559,0.22603,1.01712,1.18873,0.86991,0.89515,0.000985213,0.000985213,0.000985213
41,1531.19,0.83332,1.08843,0.77309,1.07012,0.88456,0.73896,0.80193,0.59088,0.78344,0.65462,0.65625,0.2305,0.99164,1.1749,0.8626,0.88958,0.000984449,0.000984449,0.000984449
42,1568.54,0.83713,1.08077,0.77287,1.07274,0.85529,0.73494,0.7867,0.59006,0.80304,0.69076,0.68245,0.22267,0.98417,1.18324,0.9084,0.90607,0.000983666,0.000983666,0.000983666
43,1605.69,0.83457,1.06468,0.77342,1.07568,0.89445,0.68675,0.76661,0.56978,0.86414,0.65863,0.70196,0.25251,1.01106,1.13141,0.89398,0.90236,0.000982864,0.000982864,0.000982864
44,1642.71,0.8232,1.08514,0.76861,1.07819,0.85026,0.70694,0.77736,0.58172,0.79689,0.63855,0.65839,0.21392,0.95536,1.21084,0.89558,0.9017,0.000982043,0.000982043,0.000982043
45,1679.98,0.83297,1.07168,0.78507,1.07462,0.84311,0.73377,0.79388,0.56266,0.76912,0.66895,0.69523,0.24195,1.02554,1.13801,0.92566,0.91844,0.000981204,0.000981204,0.000981204
46,1716.8,0.81025,1.06122,0.75759,1.06971,0.87709,0.71645,0.78944,0.59073,0.79842,0.6522,0.66519,0.22483,0.93468,1.13665,0.84718,0.88075,0.000980345,0.000980345,0.000980345
47,1753.24,0.81278,1.08264,0.74678,1.07272,0.88079,0.71216,0.77393,0.55922,0.8351,0.66667,0.70733,0.25082,1.02111,1.12852,0.87523,0.90684,0.000979468,0.000979468,0.000979468
48,1789.78,0.79829,1.07528,0.73742,1.05971,0.87141,0.73896,0.77782,0.58545,0.84315,0.67068,0.6825,0.24647,0.95808,1.1434,0.87049,0.88135,0.000978572,0.000978572,0.000978572
49,1827.36,0.81041,1.08357,0.73852,1.0658,0.84536,0.72452,0.78824,0.58256,0.78888,0.68273,0.7034,0.24411,0.96705,1.15576,0.8583,0.87727,0.000977658,0.000977658,0.000977658
50,1864.69,0.80184,1.0845,0.75959,1.06049,0.85239,0.69576,0.7639,0.56953,0.80372,0.65779,0.67637,0.22964,0.96694,1.1444,0.87728,0.90709,0.000976725,0.000976725,0.000976725
51,1902.1,0.81216,1.0579,0.74525,1.06215,0.83925,0.74699,0.77703,0.5685,0.77316,0.69076,0.69225,0.24038,0.96291,1.15687,0.8437,0.89208,0.000975773,0.000975773,0.000975773
52,1938.95,0.81363,1.05965,0.7473,1.06692,0.79792,0.72947,0.7727,0.58549,0.76978,0.63454,0.63874,0.2159,0.91744,1.14644,0.88939,0.88761,0.000974803,0.000974803,0.000974803
53,1975.78,0.79558,1.06292,0.72855,1.04717,0.87435,0.73092,0.7979,0.6027,0.77321,0.6747,0.67344,0.25029,0.88682,1.11524,0.81665,0.84634,0.000973814,0.000973814,0.000973814
54,2012.39,0.80284,1.04873,0.72557,1.05476,0.85117,0.73092,0.77805,0.57685,0.79016,0.62651,0.64121,0.22668,0.96084,1.14075,0.8446,0.89902,0.000972806,0.000972806,0.000972806
55,2048.94,0.79458,1.04945,0.73217,1.05137,0.8086,0.75904,0.76729,0.58986,0.74102,0.69478,0.67634,0.23343,0.91551,1.14374,0.85057,0.86926,0.00097178,0.00097178,0.00097178
56,2085.84,0.79761,1.0556,0.71801,1.05989,0.82684,0.73494,0.78564,0.59183,0.80085,0.67832,0.69456,0.25405,0.99572,1.13562,0.86021,0.89066,0.000970736,0.000970736,0.000970736
57,2122.95,0.7872,1.06306,0.70643,1.05613,0.83926,0.76707,0.78185,0.58923,0.82959,0.65462,0.67995,0.2414,0.9385,1.14017,0.85223,0.87507,0.000969673,0.000969673,0.000969673
58,2159.45,0.79448,1.03415,0.71438,1.05887,0.88167,0.73494,0.79504,0.58441,0.812,0.67649,0.67546,0.23888,0.95389,1.12499,0.85975,0.89935,0.000968592,0.000968592,0.000968592
59,2195.93,0.79097,1.05039,0.69317,1.05856,0.89384,0.70281,0.7877,0.5946,0.82439,0.64659,0.6775,0.23235,0.90606,1.14269,0.83683,0.88267,0.000967493,0.000967493,0.000967493
60,2232.06,0.78044,1.05928,0.71966,1.04988,0.80449,0.75502,0.77411,0.58327,0.77257,0.69478,0.71287,0.24577,0.92726,1.1097,0.83548,0.87086,0.000966375,0.000966375,0.000966375
61,2269.44,0.78199,1.05355,0.69385,1.05118,0.88535,0.6988,0.77201,0.5678,0.83036,0.64874,0.65462,0.22939,0.97646,1.12712,0.92794,0.90746,0.000965239,0.000965239,0.000965239
62,2306.87,0.77448,1.0524,0.69608,1.0438,0.89104,0.72252,0.79399,0.59444,0.83811,0.66265,0.70427,0.24374,0.91411,1.13456,0.79328,0.85376,0.000964085,0.000964085,0.000964085
63,2344.44,0.78337,1.057,0.70441,1.04862,0.86781,0.71187,0.78139,0.58492,0.79817,0.64659,0.6659,0.23246,0.92553,1.11807,0.87177,0.8895,0.000962913,0.000962913,0.000962913
64,2381.8,0.76126,1.03534,0.67805,1.04246,0.88598,0.71772,0.79609,0.60394,0.85386,0.67871,0.71507,0.24983,0.92033,1.14089,0.78152,0.87882,0.000961723,0.000961723,0.000961723
65,2419.37,0.78338,1.04314,0.69035,1.04315,0.83894,0.73216,0.78534,0.58612,0.78286,0.68053,0.70341,0.24239,0.97809,1.10294,0.89296,0.89149,0.000960515,0.000960515,0.000960515
66,2456.33,0.77308,1.03547,0.6822,1.04038,0.86931,0.72289,0.77382,0.58778,0.81078,0.6747,0.6837,0.23452,0.87907,1.14114,0.81985,0.85743,0.000959289,0.000959289,0.000959289
67,2493.4,0.7789,1.04232,0.71019,1.05837,0.83483,0.73077,0.7767,0.58201,0.8269,0.6506,0.69867,0.23258,0.92026,1.1531,0.85013,0.8706,0.000958044,0.000958044,0.000958044
68,2530.56,0.77043,1.032,0.69042,1.04207,0.88039,0.72691,0.79686,0.6035,0.82956,0.6646,0.69463,0.24487,0.88395,1.11499,0.8004,0.8669,0.000956782,0.000956782,0.000956782
69,2566.83,0.78083,1.04472,0.68188,1.04304,0.86804,0.73092,0.80221,0.60696,0.82104,0.69076,0.71304,0.23981,0.92511,1.12808,0.77514,0.86367,0.000955502,0.000955502,0.000955502
70,2603.98,0.75253,1.03771,0.68559,1.03698,0.8647,0.71865,0.78163,0.59147,0.81622,0.65998,0.68878,0.24641,0.95105,1.11516,0.83403,0.90682,0.000954205,0.000954205,0.000954205
71,2641.3,0.7704,1.04259,0.68154,1.03974,0.82604,0.7056,0.77195,0.59336,0.7601,0.66667,0.67212,0.23094,0.92294,1.1129,0.83563,0.8796,0.000952889,0.000952889,0.000952889
72,2678.95,0.74993,1.02663,0.66755,1.03153,0.9026,0.70714,0.80538,0.61467,0.81205,0.65462,0.68678,0.25068,0.86655,1.09968,0.78232,0.85534,0.000951556,0.000951556,0.000951556
73,2716.42,0.76724,1.03077,0.67964,1.03981,0.80784,0.74286,0.77779,0.60135,0.80148,0.66265,0.68733,0.25161,0.87907,1.1174,0.8308,0.8519,0.000950206,0.000950206,0.000950206
74,2754.1,0.75596,1.02386,0.67818,1.02896,0.87405,0.69478,0.78966,0.59746,0.7973,0.66667,0.6852,0.23476,0.92054,1.13086,0.84894,0.88854,0.000948837,0.000948837,0.000948837
75,2791.62,0.7604,1.02666,0.66808,1.03031,0.8215,0.70236,0.77796,0.59655,0.78548,0.65462,0.68236,0.24037,0.93326,1.11495,0.80487,0.8688,0.000947452,0.000947452,0.000947452
76,2829.11,0.75646,1.02449,0.6621,1.03578,0.84279,0.74699,0.77952,0.59833,0.79643,0.70705,0.71148,0.23702,0.90991,1.11202,0.819,0.87385,0.000946048,0.000946048,0.000946048
77,2866.43,0.76713,1.02924,0.67111,1.04048,0.85091,0.73349,0.78176,0.60601,0.8001,0.69122,0.69511,0.25034,0.878,1.09935,0.80314,0.87713,0.000944628,0.000944628,0.000944628
78,2903.86,0.75049,1.02677,0.65132,1.03641,0.84519,0.74546,0.77689,0.60251,0.80033,0.69221,0.69497,0.2494,0.85893,1.11603,0.80967,0.87276,0.000943189,0.000943189,0.000943189
79,2940.54,0.7405,1.03345,0.64904,1.02638,0.81494,0.77108,0.80003,0.60776,0.81514,0.65462,0.69902,0.24618,0.83623,1.17701,0.76144,0.85924,0.000941734,0.000941734,0.000941734
80,2977.68,0.7358,1.04057,0.64308,1.02471,0.85646,0.72691,0.78324,0.61516,0.83424,0.68273,0.71287,0.25481,0.8516,1.1256,0.7553,0.84922,0.000940262,0.000940262,0.000940262
81,3014.79,0.74524,1.01367,0.64565,1.03029,0.83797,0.74297,0.78703,0.60587,0.79617,0.70591,0.70993,0.24134,0.85692,1.14478,0.79012,0.87226,0.000938772,0.000938772,0.000938772
82,3051.86,0.74777,1.01712,0.66377,1.03201,0.81994,0.7681,0.78522,0.61129,0.83417,0.71084,0.7264,0.26432,0.88605,1.13013,0.78364,0.86923,0.000937265,0.000937265,0.000937265
83,3088.95,0.73336,1.02229,0.64166,1.02627,0.86691,0.72691,0.79128,0.61075,0.8489,0.69076,0.7194,0.24538,0.87581,1.11367,0.80647,0.85497,0.000935741,0.000935741,0.000935741
84,3126.75,0.72601,1.01086,0.64393,1.0236,0.85418,0.72929,0.78662,0.6117,0.80745,0.69051,0.70374,0.24747,0.89457,1.13863,0.82781,0.87468,0.0009342,0.0009342,0.0009342
85,3164.2,0.73196,1.0038,0.62765,1.02191,0.86772,0.73092,0.77771,0.59813,0.84253,0.69076,0.70044,0.24573,0.88976,1.10968,0.77428,0.87199,0.000932642,0.000932642,0.000932642
86,3201.81,0.72453,1.03208,0.61872,1.02192,0.88582,0.72691,0.78227,0.60173,0.81672,0.67068,0.69017,0.25293,0.9189,1.13777,0.80751,0.89198,0.000931067,0.000931067,0.000931067
87,3239.15,0.73756,1.02323,0.63245,1.0252,0.87785,0.73494,0.78163,0.60025,0.80945,0.67871,0.68546,0.24432,0.8712,1.11786,0.76252,0.87163,0.000929476,0.000929476,0.000929476
88,3276.39,0.71699,1.00389,0.61493,1.01713,0.8108,0.75904,0.79601,0.6146,0.83095,0.68273,0.70526,0.24296,0.85048,1.11745,0.74555,0.86638,0.000927867,0.000927867,0.000927867
89,3313.67,0.72117,1.01588,0.62958,1.00539,0.91821,0.72139,0.81545,0.64266,0.86152,0.67458,0.71007,0.25388,0.83716,1.1114,0.71615,0.83149,0.000926242,0.000926242,0.000926242
90,3350.53,0.72171,1.00067,0.63244,1.02402,0.88351,0.73101,0.80702,0.62656,0.85226,0.67185,0.71836,0.25151,0.85658,1.09733,0.74633,0.86849,0.000924601,0.000924601,0.000924601
91,3388,0.72658,1.00738,0.6228,1.0135,0.88068,0.74107,0.80213,0.60358,0.81199,0.71084,0.71739,0.25104,0.87451,1.08906,0.7577,0.91056,0.000922942,0.000922942,0.000922942
92,3424.65,0.70906,0.99622,0.60435,1.01494,0.8785,0.72691,0.80786,0.62243,0.81406,0.66813,0.69783,0.24824,0.8542,1.10834,0.73163,0.88143,0.000921268,0.000921268,0.000921268
93,3461.39,0.71721,0.99485,0.61628,1.01152,0.85166,0.73494,0.78445,0.60677,0.80466,0.68675,0.69169,0.24301,0.87233,1.10791,0.73117,0.85967,0.000919576,0.000919576,0.000919576
94,3498.56,0.72117,1.0125,0.61937,1.01311,0.79596,0.78715,0.78386,0.61133,0.81324,0.69478,0.6981,0.24892,0.88111,1.10211,0.75934,0.84814,0.000917869,0.000917869,0.000917869
95,3536.14,0.70399,0.99585,0.60269,1.00374,0.84944,0.74771,0.80044,0.62547,0.80828,0.71111,0.71007,0.25449,0.8551,1.10561,0.74556,0.83713,0.000916145,0.000916145,0.000916145
96,3573.64,0.72195,1.00929,0.6158,1.01183,0.8087,0.76399,0.80152,0.61517,0.84888,0.68675,0.73138,0.26479,0.85951,1.08461,0.72357,0.84862,0.000914405,0.000914405,0.000914405
97,3611.19,0.71266,1.01258,0.62293,1.01922,0.83933,0.73494,0.79304,0.6151,0.7794,0.69527,0.71176,0.25007,0.88352,1.09095,0.77671,0.8885,0.000912649,0.000912649,0.000912649
98,3648.58,0.71694,0.99538,0.61851,1.01932,0.83294,0.76092,0.76723,0.59194,0.78283,0.71084,0.69208,0.24897,0.87833,1.10089,0.808,0.90833,0.000910876,0.000910876,0.000910876
99,3685.98,0.69557,1.01078,0.60532,1.00312,0.89236,0.70281,0.7886,0.60818,0.85282,0.67483,0.70121,0.24946,0.85339,1.09463,0.76155,0.85777,0.000909088,0.000909088,0.000909088
100,3723.27,0.7049,0.99075,0.60692,1.01115,0.82247,0.74426,0.78469,0.60648,0.80153,0.65863,0.69386,0.24344,0.85108,1.10791,0.76127,0.85131,0.000907284,0.000907284,0.000907284
101,3760.27,0.70054,1.00469,0.5979,1.0042,0.84738,0.74699,0.7914,0.61313,0.77415,0.68273,0.67046,0.24545,0.8785,1.10403,0.74572,0.86429,0.000905463,0.000905463,0.000905463
102,3797.71,0.71467,1.01074,0.60112,1.01538,0.80279,0.751,0.76653,0.58926,0.74548,0.68273,0.65644,0.24048,0.84841,1.11764,0.76295,0.84342,0.000903627,0.000903627,0.000903627
103,3834.66,0.69206,0.98524,0.58072,0.99974,0.82393,0.77052,0.76825,0.58997,0.84192,0.6747,0.69245,0.24404,0.91189,1.11264,0.77854,0.9306,0.000901776,0.000901776,0.000901776
104,3871.83,0.70012,0.9876,0.58326,1.00023,0.82465,0.73662,0.77158,0.60144,0.80604,0.70095,0.71842,0.25421,0.87469,1.10944,0.76435,0.85547,0.000899908,0.000899908,0.000899908
105,3908.32,0.69997,0.98837,0.60026,1.00506,0.80869,0.76707,0.79154,0.61413,0.77685,0.65462,0.68374,0.24747,0.86543,1.0991,0.74886,0.88655,0.000898025,0.000898025,0.000898025
106,3945.91,0.70006,0.99342,0.59935,1.0002,0.81335,0.77004,0.79037,0.60086,0.76584,0.7224,0.70651,0.25757,0.87119,1.09805,0.74762,0.86634,0.000896127,0.000896127,0.000896127
107,3983.58,0.68916,0.98519,0.58372,0.99084,0.83155,0.74699,0.78787,0.6052,0.79257,0.70281,0.70472,0.25604,0.86256,1.1066,0.74162,0.85737,0.000894213,0.000894213,0.000894213
108,4021.35,0.69751,0.97957,0.58726,1.00584,0.80728,0.75701,0.78094,0.59989,0.75767,0.71888,0.70826,0.25744,0.88523,1.0854,0.76785,0.8878,0.000892283,0.000892283,0.000892283
109,4058.77,0.70587,0.98759,0.58694,1.00477,0.79288,0.73896,0.77362,0.60234,0.75924,0.71486,0.6959,0.24854,0.86214,1.08879,0.76711,0.87507,0.000890339,0.000890339,0.000890339
110,4096.13,0.68064,0.98723,0.57246,0.99811,0.85647,0.74288,0.7767,0.60648,0.82412,0.7151,0.72071,0.2549,0.85769,1.07481,0.7495,0.85605,0.000888379,0.000888379,0.000888379
111,4133.75,0.69594,0.98923,0.58595,1.00204,0.86454,0.70683,0.78046,0.60492,0.83886,0.67068,0.69261,0.2493,0.86034,1.07144,0.76997,0.87854,0.000886404,0.000886404,0.000886404
112,4170.78,0.6945,0.99532,0.57647,0.99761,0.85241,0.74297,0.78526,0.61404,0.80264,0.70281,0.70348,0.2533,0.87815,1.07507,0.74999,0.88074,0.000884414,0.000884414,0.000884414
113,4208.17,0.68473,0.99552,0.57715,1.00319,0.86985,0.71486,0.78588,0.62191,0.82542,0.68357,0.69718,0.25043,0.85574,1.08623,0.74637,0.89141,0.000882409,0.000882409,0.000882409
114,4245.21,0.69328,0.9799,0.58227,1.00634,0.90125,0.73309,0.79332,0.62531,0.84282,0.66758,0.6929,0.25459,0.8848,1.10438,0.76728,0.90565,0.000880389,0.000880389,0.000880389
115,4282.55,0.67785,0.97948,0.56949,0.99792,0.87169,0.75502,0.80463,0.61794,0.81031,0.68675,0.68206,0.25027,0.87743,1.08562,0.72763,0.88695,0.000878354,0.000878354,0.000878354
116,4313.15,0.68585,0.98306,0.57162,0.99562,0.8554,0.7751,0.80242,0.6259,0.79408,0.71888,0.69554,0.24761,0.83998,1.10523,0.76047,0.87658,0.000876305,0.000876305,0.000876305
117,4333.3,0.69697,0.97747,0.55962,1.00586,0.85278,0.751,0.77901,0.62041,0.79837,0.68378,0.68966,0.242,0.84234,1.09504,0.7466,0.8494,0.000874241,0.000874241,0.000874241
118,4372.81,0.68857,0.97766,0.5726,0.99684,0.89085,0.72109,0.79266,0.62675,0.85944,0.69076,0.73067,0.25661,0.83013,1.09852,0.74911,0.86034,0.000872162,0.000872162,0.000872162
119,4412.34,0.67852,0.97504,0.57012,0.98934,0.86868,0.72691,0.7894,0.62151,0.80208,0.68675,0.69726,0.25301,0.83777,1.08674,0.75779,0.88342,0.000870069,0.000870069,0.000870069
120,4452.39,0.66939,0.97043,0.56271,0.98925,0.8381,0.74845,0.7872,0.61003,0.74682,0.71084,0.67613,0.25219,0.83009,1.08321,0.74376,0.85229,0.000867961,0.000867961,0.000867961
121,4493.38,0.67747,0.95103,0.55429,0.99574,0.83492,0.76707,0.78454,0.61519,0.80335,0.70683,0.68982,0.25455,0.81705,1.07963,0.74923,0.84739,0.000865839,0.000865839,0.000865839
122,4533.78,0.67559,0.96346,0.56717,0.99046,0.83308,0.75904,0.78741,0.6088,0.80982,0.67871,0.69667,0.25176,0.85441,1.09576,0.7298,0.87022,0.000863703,0.000863703,0.000863703
123,4574.06,0.66672,0.96543,0.54901,0.98897,0.85347,0.74297,0.78442,0.61886,0.80756,0.69478,0.70274,0.25459,0.83173,1.09426,0.71867,0.85031,0.000861553,0.000861553,0.000861553
124,4613.8,0.66088,0.97798,0.55615,0.98182,0.8526,0.73494,0.76637,0.60406,0.82086,0.66249,0.67674,0.2545,0.83793,1.08662,0.73679,0.85474,0.000859389,0.000859389,0.000859389
125,4654.77,0.65121,0.96273,0.55649,0.98376,0.85216,0.73896,0.78024,0.60684,0.8188,0.68273,0.68897,0.2551,0.81611,1.09872,0.73525,0.83689,0.00085721,0.00085721,0.00085721
126,4695.69,0.66302,0.95578,0.543,0.98953,0.81346,0.76305,0.76919,0.59818,0.78587,0.69276,0.67828,0.24817,0.83531,1.09483,0.73187,0.85485,0.000855018,0.000855018,0.000855018
127,4735.6,0.66969,0.97322,0.5439,0.98755,0.84328,0.71314,0.76906,0.59673,0.7907,0.66759,0.66743,0.25108,0.83378,1.08718,0.72795,0.84785,0.000852812,0.000852812,0.000852812
128,4775.56,0.65656,0.95831,0.54471,0.98606,0.86026,0.74173,0.77328,0.60751,0.77241,0.69511,0.67444,0.24101,0.82944,1.10738,0.72515,0.85835,0.000850592,0.000850592,0.000850592
129,4815.95,0.67848,0.95302,0.54811,0.9909,0.83983,0.75502,0.7801,0.6085,0.78221,0.70683,0.69924,0.24861,0.81834,1.10266,0.73462,0.85163,0.000848358,0.000848358,0.000848358
130,4857.46,0.65747,0.95958,0.53865,0.9779,0.84276,0.75339,0.77491,0.60436,0.78006,0.69793,0.69352,0.24991,0.83403,1.10411,0.73707,0.86513,0.000846111,0.000846111,0.000846111
131,4897.81,0.66248,0.96378,0.53145,0.98996,0.86336,0.73494,0.77757,0.60241,0.80849,0.68675,0.69604,0.24421,0.82944,1.10621,0.72574,0.86098,0.000843851,0.000843851,0.000843851
132,4938,0.66765,0.95668,0.54581,0.9923,0.86421,0.72289,0.78122,0.61558,0.78795,0.71888,0.71288,0.25199,0.83415,1.09021,0.72747,0.85923,0.000841577,0.000841577,0.000841577
133,4977.94,0.65657,0.95133,0.54307,0.98089,0.83084,0.74699,0.7803,0.61851,0.78946,0.70683,0.69836,0.25423,0.82611,1.08433,0.73283,0.85719,0.00083929,0.00083929,0.00083929
134,5019.03,0.66251,0.96134,0.53517,0.98671,0.849,0.75502,0.7778,0.6183,0.79035,0.68273,0.68191,0.25135,0.83099,1.10492,0.70959,0.86074,0.000836989,0.000836989,0.000836989
135,5059.63,0.64646,0.95886,0.52594,0.97593,0.86728,0.73896,0.77477,0.61555,0.82451,0.69813,0.69978,0.24788,0.82215,1.09731,0.71651,0.86318,0.000834676,0.000834676,0.000834676
136,5100.03,0.64789,0.95579,0.52196,0.98221,0.85243,0.72691,0.77311,0.61204,0.80893,0.69076,0.68973,0.24512,0.81141,1.08791,0.72374,0.85044,0.000832349,0.000832349,0.000832349
137,5139.51,0.65948,0.94975,0.53444,0.9864,0.87438,0.75476,0.79059,0.62667,0.8293,0.71084,0.69125,0.24971,0.80879,1.10212,0.68399,0.83997,0.00083001,0.00083001,0.00083001
138,5180.15,0.65606,0.95433,0.52569,0.98067,0.82469,0.78313,0.7867,0.62843,0.79113,0.71888,0.68077,0.25583,0.8114,1.10307,0.68937,0.85453,0.000827658,0.000827658,0.000827658
139,5221.46,0.64214,0.94968,0.51719,0.97875,0.84288,0.75904,0.7838,0.62434,0.79717,0.71888,0.69668,0.25425,0.81785,1.08984,0.69328,0.85334,0.000825293,0.000825293,0.000825293
